outlook,       # forecast
$temperature, # degrees Farenheit,
$humidity,    # % of dewpoint
windy,        # boolean
=play          # goal
#################################################
overcast	,64		,65		,TRUE	,yes
rainy		,65		,70		,TRUE	,no
rainy		,68		,80		,FALSE	,yes
sunny		,69		,70		,FALSE	,no
rainy		,70		,96		,FALSE	,yes
rainy		,71		,91		,TRUE	,no
overcast	,72		,90		,TRUE	,yes
sunny		,72		,95		,FALSE	,no
rainy		,75		,80		,FALSE	,yes
sunny		,75		,70		,TRUE	,no
#################################################
sunny		,80		,90		,TRUE	,no
overcast	,81		,75		,FALSE	,no
overcast	,83		,86		,FALSE	,no
sunny		,85		,85		,FALSE	,no
